course_name,course_description,course_benefits,course_start_date_or_last_enrollment_date,professor_name,course_duration,course_fee_physical,course_fee_online,course_fee_hibernate,enrollment_status,mode_of_courses,online_available,physical_available,location_islamabad,location_karachi,location_lahore
Advance Taxation & Litigations,"ğŸ- ğğšğ¬ğ¢ğœ ğˆğ§ğ­ğ«ğ¨ğğ®ğœğ­ğ¢ğ¨ğ§
ğŸ- ğ‘ğğ©ğ¥ğ¢ğğ¬ ğ¨ğŸ ğğ¨ğ­ğ¢ğœğğ¬ ğ®ğ§ğğğ« ğƒğ¢ğŸğŸğğ«ğğ§ğ­ ğğ«ğ¨ğ¯ğ¢ğ¬ğ¢ğ¨ğ§ğ¬ ğ¨ğŸ ğ­ğ¡ğ ğğ«ğğ¢ğ§ğšğ§ğœğ
ğŸ‘- ğ…ğ¢ğ¥ğ¢ğ§ğ  ğ¨ğŸ ğ€ğ©ğ©ğğšğ¥ğ¬ ğ¨ğ§ ğƒğ¢ğŸğŸğğ«ğğ§ğ­ ğğ¥ğšğ­ğŸğ¨ğ«ğ¦ğ¬
ğŸ’- ğ…ğ¢ğ¥ğ¢ğ§ğ  ğ¨ğŸ ğƒğ¢ğŸğŸğğ«ğğ§ğ­ ğ€ğ©ğ©ğ¥ğ¢ğœğšğ­ğ¢ğ¨ğ§ğ¬
ğŸ“- ğ–ğ¢ğ­ğ¡ğ¡ğ¨ğ¥ğğ¢ğ§ğ  ğ¨ğŸ ğˆğ§ğœğ¨ğ¦ğ ğ“ğšğ±, ğ’ğšğ¥ğğ¬ ğ“ğšğ± ğšğ§ğ ğğ«ğ¨ğ¯ğ¢ğ§ğœğ¢ğšğ¥ ğ’ğšğ¥ğğ¬ ğ“ğšğ±
ğŸ”- ğ‚ğ¨ğ¦ğ©ğ¥ğ¢ğšğ§ğœğğ¬ ğ”ğ§ğğğ« ğˆğ“ğ ğŸğŸğŸğŸ
ğŸ•- ğ‚ğ¨ğ¦ğ©ğ¥ğ¢ğšğ§ğœğğ¬ ğ”ğ§ğğğ« ğ’ğšğ¥ğğ¬ ğ“ğšğ± ğ€ğœğ­ ğŸğŸ—ğŸ—ğŸ","â€¢ Handle complex tax disputes and litigation
â€¢ Represent clients before tax authorities
â€¢ Expert-level tax planning and compliance
â€¢ Ideal for lawyers and senior tax professionals","January 28, 2026","Mr. Rai Basharat Ali ",3 months (12 weeks),"60,000 PKR",,,Open,Online,Yes,No,"Plot No. 63, North Service Road, I-10/3, Islamabad"," Office No 504, 5th Floor,Caesar's Tower,opposite Aisha Bawany Academy,Main Shahrah e Faisal Karachi","5th Floor, Pace Shopping Mall, Model Town Link Road, Lahore"
Canadian Taxation Course,"ğ™‹ğ™šğ™§ğ™¨ğ™¤ğ™£ğ™–ğ™¡ ğ™ğ™–ğ™­ğ™–ğ™©ğ™ğ™¤ğ™£ - ğ™ğŸ­
ğ˜¾ğ™¤ğ™§ğ™¥ğ™¤ğ™§ğ™–ğ™©ğ™š ğ™ğ™–ğ™­ğ™–ğ™©ğ™ğ™¤ğ™£ - ğ™ğŸ®
ğ™€ğ™¨ğ™©ğ™–ğ™©ğ™š ğ™ğ™šğ™©ğ™ªğ™§ğ™£ğ™¨ - ğ™ğŸ¯
ğ™‚ğ™ğ™/ğ™ƒğ™ğ™ (ğ™ğ™šğ™©ğ™ªğ™§ğ™£)
ğ™‹ğ™§ğ™–ğ™˜ğ™©ğ™ğ™˜ğ™š ğ™‹ğ™¤ğ™§ğ™©ğ™–ğ™¡ (ğ™ğ™–ğ™­ ğ™‹ğ™§ğ™šğ™¥ ğ™ğ™¤ğ™›ğ™©ğ™¬ğ™–ğ™§ğ™š)","â€¢ Canadian tax system (Federal, Provincial)
â€¢ Work with Canadian clients remotely
â€¢ Immigration and tax implications
â€¢ Growing demand for Canada tax experts","February 15, 2026",Mr. Naseerudin,3 months (12 weeks),"72,000 PKR",,,Open,Online,Yes,No,"Plot No. 63, North Service Road, I-10/3, Islamabad"," Office No 504, 5th Floor,Caesar's Tower,opposite Aisha Bawany Academy,Main Shahrah e Faisal Karachi","5th Floor, Pace Shopping Mall, Model Town Link Road, Lahore"
Certified Tax Advisor - Islamabad,"ğ—œğ—»ğ—°ğ—¼ğ—ºğ—² ğ—§ğ—®ğ˜…
ğ—¦ğ—®ğ—¹ğ—²ğ˜€ ğ—§ğ—®ğ˜…
ğ—¦ğ—˜ğ—–ğ—£ ğ—®ğ—»ğ—± ğ—–ğ—¼ğ—¿ğ—½ğ—¼ğ—¿ğ—®ğ˜ğ—² ğ—™ğ—¶ğ—¹ğ—¶ğ—»ğ—´ğ˜€
ğ—•ğ—®ğ˜€ğ—¶ğ—° ğ—”ğ—°ğ—°ğ—¼ğ˜‚ğ—»ğ˜ğ—¶ğ—»ğ—´
ğ—§ğ—¿ğ—®ğ—±ğ—² ğ— ğ—®ğ—¿ğ—¸ ğ—¥ğ—²ğ—´ğ—¶ğ˜€ğ˜ğ—¿ğ—®ğ˜ğ—¶ğ—¼ğ—»
ğ—–ğ—µğ—®ğ—ºğ—¯ğ—²ğ—¿ ğ—¼ğ—³ ğ—–ğ—¼ğ—ºğ—ºğ—²ğ—¿ğ—°ğ—²
ğ—•ğ˜‚ğ˜€ğ—¶ğ—»ğ—²ğ˜€ğ˜€ ğ—¥ğ—²ğ—´ğ—¶ğ˜€ğ˜ğ—¿ğ—®ğ˜ğ—¶ğ—¼ğ—» ğ˜„ğ—¶ğ˜ğ—µ ğ—£ğ—¦ğ—˜ğ—•
ğ—œğ—ºğ—½ğ—¼ğ—¿ğ˜ ğ—˜ğ˜…ğ—½ğ—¼ğ—¿ğ˜ ğ—Ÿğ—¶ğ—°ğ—²ğ—»ğ—°ğ—²","â€¢ Master Pakistani tax laws (Income Tax, Sales Tax, FBR)
â€¢ File tax returns and handle audits
â€¢ Work as certified tax consultant
â€¢ High demand in accounting firms and corporate sector","January 20, 2026","Mr. Rai Basharat Ali ",4 months (16 weeks),"60,000 PKR",,,Open,Online and Physical,Yes,Yes,"Plot No. 63, North Service Road, I-10/3, Islamabad"," Office No 504, 5th Floor,Caesar's Tower,opposite Aisha Bawany Academy,Main Shahrah e Faisal Karachi","5th Floor, Pace Shopping Mall, Model Town Link Road, Lahore"
Certified Tax Advisor - Karachi,"ğ—œğ—»ğ—°ğ—¼ğ—ºğ—² ğ—§ğ—®ğ˜…
ğ—¦ğ—®ğ—¹ğ—²ğ˜€ ğ—§ğ—®ğ˜…
ğ—¦ğ—˜ğ—–ğ—£ ğ—®ğ—»ğ—± ğ—–ğ—¼ğ—¿ğ—½ğ—¼ğ—¿ğ—®ğ˜ğ—² ğ—™ğ—¶ğ—¹ğ—¶ğ—»ğ—´ğ˜€
ğ—•ğ—®ğ˜€ğ—¶ğ—° ğ—”ğ—°ğ—°ğ—¼ğ˜‚ğ—»ğ˜ğ—¶ğ—»ğ—´
ğ—§ğ—¿ğ—®ğ—±ğ—² ğ— ğ—®ğ—¿ğ—¸ ğ—¥ğ—²ğ—´ğ—¶ğ˜€ğ˜ğ—¿ğ—®ğ˜ğ—¶ğ—¼ğ—»
ğ—–ğ—µğ—®ğ—ºğ—¯ğ—²ğ—¿ ğ—¼ğ—³ ğ—–ğ—¼ğ—ºğ—ºğ—²ğ—¿ğ—°ğ—²
ğ—•ğ˜‚ğ˜€ğ—¶ğ—»ğ—²ğ˜€ğ˜€ ğ—¥ğ—²ğ—´ğ—¶ğ˜€ğ˜ğ—¿ğ—®ğ˜ğ—¶ğ—¼ğ—» ğ˜„ğ—¶ğ˜ğ—µ ğ—£ğ—¦ğ—˜ğ—•
ğ—œğ—ºğ—½ğ—¼ğ—¿ğ˜ ğ—˜ğ˜…ğ—½ğ—¼ğ—¿ğ˜ ğ—Ÿğ—¶ğ—°ğ—²ğ—»ğ—°ğ—²","â€¢ Master Pakistani tax laws (Income Tax, Sales Tax, FBR)
â€¢ File tax returns and handle audits
â€¢ Work as certified tax consultant
â€¢ High demand in accounting firms and corporate sector",23 December,Mr. Shaheer Mirza,4 months (16 weeks),"60,000 PKR",,,Open,Online and Physical,Yes,Yes,"Plot No. 63, North Service Road, I-10/3, Islamabad"," Office No 504, 5th Floor,Caesar's Tower,opposite Aisha Bawany Academy,Main Shahrah e Faisal Karachi","5th Floor, Pace Shopping Mall, Model Town Link Road, Lahore"
Certified Tax Advisor - Lahore,"ğ—œğ—»ğ—°ğ—¼ğ—ºğ—² ğ—§ğ—®ğ˜…
ğ—¦ğ—®ğ—¹ğ—²ğ˜€ ğ—§ğ—®ğ˜…
ğ—¦ğ—˜ğ—–ğ—£ ğ—®ğ—»ğ—± ğ—–ğ—¼ğ—¿ğ—½ğ—¼ğ—¿ğ—®ğ˜ğ—² ğ—™ğ—¶ğ—¹ğ—¶ğ—»ğ—´ğ˜€
ğ—•ğ—®ğ˜€ğ—¶ğ—° ğ—”ğ—°ğ—°ğ—¼ğ˜‚ğ—»ğ˜ğ—¶ğ—»ğ—´
ğ—§ğ—¿ğ—®ğ—±ğ—² ğ— ğ—®ğ—¿ğ—¸ ğ—¥ğ—²ğ—´ğ—¶ğ˜€ğ˜ğ—¿ğ—®ğ˜ğ—¶ğ—¼ğ—»
ğ—–ğ—µğ—®ğ—ºğ—¯ğ—²ğ—¿ ğ—¼ğ—³ ğ—–ğ—¼ğ—ºğ—ºğ—²ğ—¿ğ—°ğ—²
ğ—•ğ˜‚ğ˜€ğ—¶ğ—»ğ—²ğ˜€ğ˜€ ğ—¥ğ—²ğ—´ğ—¶ğ˜€ğ˜ğ—¿ğ—®ğ˜ğ—¶ğ—¼ğ—» ğ˜„ğ—¶ğ˜ğ—µ ğ—£ğ—¦ğ—˜ğ—•
ğ—œğ—ºğ—½ğ—¼ğ—¿ğ˜ ğ—˜ğ˜…ğ—½ğ—¼ğ—¿ğ˜ ğ—Ÿğ—¶ğ—°ğ—²ğ—»ğ—°ğ—²","â€¢ Master Pakistani tax laws (Income Tax, Sales Tax, FBR)
â€¢ File tax returns and handle audits
â€¢ Work as certified tax consultant
â€¢ High demand in accounting firms and corporate sector","January 20, 2026",Mr. Hassan Mehmood,4 months (16 weeks),"60,000 PKR",,,Open,Online and Physical,Yes,Yes,"Plot No. 63, North Service Road, I-10/3, Islamabad"," Office No 504, 5th Floor,Caesar's Tower,opposite Aisha Bawany Academy,Main Shahrah e Faisal Karachi","5th Floor, Pace Shopping Mall, Model Town Link Road, Lahore"
Certified Tax Advisor - Online,"ğ—œğ—»ğ—°ğ—¼ğ—ºğ—² ğ—§ğ—®ğ˜…
ğ—¦ğ—®ğ—¹ğ—²ğ˜€ ğ—§ğ—®ğ˜…
ğ—¦ğ—˜ğ—–ğ—£ ğ—®ğ—»ğ—± ğ—–ğ—¼ğ—¿ğ—½ğ—¼ğ—¿ğ—®ğ˜ğ—² ğ—™ğ—¶ğ—¹ğ—¶ğ—»ğ—´ğ˜€
ğ—•ğ—®ğ˜€ğ—¶ğ—° ğ—”ğ—°ğ—°ğ—¼ğ˜‚ğ—»ğ˜ğ—¶ğ—»ğ—´
ğ—§ğ—¿ğ—®ğ—±ğ—² ğ— ğ—®ğ—¿ğ—¸ ğ—¥ğ—²ğ—´ğ—¶ğ˜€ğ˜ğ—¿ğ—®ğ˜ğ—¶ğ—¼ğ—»
ğ—–ğ—µğ—®ğ—ºğ—¯ğ—²ğ—¿ ğ—¼ğ—³ ğ—–ğ—¼ğ—ºğ—ºğ—²ğ—¿ğ—°ğ—²
ğ—•ğ˜‚ğ˜€ğ—¶ğ—»ğ—²ğ˜€ğ˜€ ğ—¥ğ—²ğ—´ğ—¶ğ˜€ğ˜ğ—¿ğ—®ğ˜ğ—¶ğ—¼ğ—» ğ˜„ğ—¶ğ˜ğ—µ ğ—£ğ—¦ğ—˜ğ—•
ğ—œğ—ºğ—½ğ—¼ğ—¿ğ˜ ğ—˜ğ˜…ğ—½ğ—¼ğ—¿ğ˜ ğ—Ÿğ—¶ğ—°ğ—²ğ—»ğ—°ğ—² course deial , deutenr ","â€¢ Master Pakistani tax laws (Income Tax, Sales Tax, FBR)
â€¢ File tax returns and handle audits
â€¢ Work as certified tax consultant
â€¢ High demand in accounting firms and corporate sector","January 20, 2026","Mr. Rai Basharat Ali ",4 months (16 weeks),"60,000 PKR",,,Open,Online and Physical,Yes,Yes,"Plot No. 63, North Service Road, I-10/3, Islamabad"," Office No 504, 5th Floor,Caesar's Tower,opposite Aisha Bawany Academy,Main Shahrah e Faisal Karachi","5th Floor, Pace Shopping Mall, Model Town Link Road, Lahore"
Company Secretary & Secretarial Practices,"ğ˜¾ğ™¤ğ™¢ğ™¥ğ™–ğ™£ğ™® ğ™„ğ™£ğ™˜ğ™¤ğ™§ğ™¥ğ™¤ğ™§ğ™–ğ™©ğ™ğ™¤ğ™£
ğ™‹ğ™¤ğ™¨ğ™© ğ™„ğ™£ğ™˜ğ™¤ğ™§ğ™¥ğ™¤ğ™§ğ™–ğ™©ğ™ğ™¤ğ™£ ğ˜¾ğ™¤ğ™¢ğ™¥ğ™¡ğ™ğ™–ğ™£ğ™˜ğ™š
ğ™ğ™¤ğ™§ğ™¢ğ™–ğ™©ğ™ğ™¤ğ™£ ğ™¤ğ™› ğ™ğ™¥ğ™šğ™˜ğ™ğ™–ğ™¡ğ™ğ™¯ğ™šğ™™ ğ˜¾ğ™¤ğ™¢ğ™¥ğ™–ğ™£ğ™ğ™šğ™¨
ğ™ğ™§ğ™–ğ™™ğ™š ğ™ˆğ™–ğ™§ğ™  ğ™ğ™šğ™œğ™ğ™¨ğ™©ğ™§ğ™–ğ™©ğ™ğ™¤ğ™£
ğ˜¾ğ™ğ™–ğ™¢ğ™—ğ™šğ™§ ğ™¤ğ™› ğ˜¾ğ™¤ğ™¢ğ™¢ğ™šğ™§ğ™˜ğ™š ğ™ğ™šğ™œğ™ğ™¨ğ™©ğ™§ğ™–ğ™©ğ™ğ™¤ğ™£
ğ™ğ™¤ğ™ªğ™§ğ™ğ™¨ğ™¢ & ğ™ğ™ğ™˜ğ™ ğ™šğ™©ğ™ğ™£ğ™œ ğ™‡ğ™ğ™˜ğ™šğ™£ğ™˜ğ™š
ğ™‹ğ™ğ™€ğ˜½ & ğ™‹ğ™’ğ™ ğ™ğ™šğ™œğ™ğ™¨ğ™©ğ™§ğ™–ğ™©ğ™ğ™¤ğ™£","â€¢ Corporate governance and compliance mastery
â€¢ SECP filings and company formation
â€¢ Board meetings, AGM/EGM management
â€¢ Essential for corporate legal roles","January 25, 2026",Mr. Kamran Ahmed,3 months (12 weeks),"50,000 PKR",,,Open,Online,Yes,No,"Plot No. 63, North Service Road, I-10/3, Islamabad"," Office No 504, 5th Floor,Caesar's Tower,opposite Aisha Bawany Academy,Main Shahrah e Faisal Karachi","5th Floor, Pace Shopping Mall, Model Town Link Road, Lahore"
Import and Export Course,"ğ™ğ™šğ™œğ™ªğ™¡ğ™–ğ™©ğ™¤ğ™§ğ™® ğ™€ğ™£ğ™«ğ™ğ™§ğ™¤ğ™£ğ™¢ğ™šğ™£ğ™©
ğ˜¾ğ™ğ™¤ğ™¤ğ™¨ğ™ğ™£ğ™œ ğ™©ğ™ğ™š ğ™ğ™ğ™œğ™ğ™© ğ™ğ™¤ğ™§ğ™¢ ğ™¤ğ™› ğ˜½ğ™ªğ™¨ğ™ğ™£ğ™šğ™¨ğ™¨
ğ˜½ğ™–ğ™£ğ™ ğ™ğ™£ğ™œ ğ™ğ™šğ™¦ğ™ªğ™ğ™§ğ™šğ™¢ğ™šğ™£ğ™©ğ™¨
ğ™ğ™ğ™ğ™¥ğ™¥ğ™ğ™£ğ™œ ğ™–ğ™£ğ™™ ğ™‡ğ™¤ğ™œğ™ğ™¨ğ™©ğ™ğ™˜ğ™¨
ğ™€ğ™­ğ™¥ğ™¤ğ™§ğ™© ğ˜¿ğ™¤ğ™˜ğ™ªğ™¢ğ™šğ™£ğ™©ğ™–ğ™©ğ™ğ™¤ğ™£
ğ™€ğ™­ğ™¥ğ™¤ğ™§ğ™© ğ™‹ğ™§ğ™¤ğ™˜ğ™šğ™™ğ™ªğ™§ğ™š
ğ™„ğ™¢ğ™¥ğ™¤ğ™§ğ™© ğ˜¿ğ™¤ğ™˜ğ™ªğ™¢ğ™šğ™£ğ™©ğ™–ğ™©ğ™ğ™¤ğ™£
ğ™„ğ™¢ğ™¥ğ™¤ğ™§ğ™© ğ™‹ğ™§ğ™¤ğ™˜ğ™šğ™™ğ™ªğ™§ğ™šğ™¨
ğ˜¾ğ™–ğ™¨ğ™š ğ™ğ™©ğ™ªğ™™ğ™®","â€¢ International trade documentation and procedures
â€¢ Customs clearance and compliance
â€¢ Import/Export regulations for Pakistan
â€¢ Essential for trading businesses and logistics","February 10, 2026",Mr. Hammad Aadi,2 months (8 weeks),"44,000 PKR",,,Open,Online,Yes,No,"Plot No. 63, North Service Road, I-10/3, Islamabad"," Office No 504, 5th Floor,Caesar's Tower,opposite Aisha Bawany Academy,Main Shahrah e Faisal Karachi","5th Floor, Pace Shopping Mall, Model Town Link Road, Lahore"
LLC Formation Course,"ğ™‡ğ™‡ğ˜¾ ğ™ğ™¤ğ™§ğ™¢ğ™–ğ™©ğ™ğ™¤ğ™£ (ğ˜¿ğ™ğ™›ğ™›ğ™šğ™§ğ™šğ™£ğ™© ğ™ğ™©ğ™–ğ™©ğ™šğ™¨)
ğ™„ğ™ğ™„ğ™‰ ğ˜¾ğ™§ğ™šğ™–ğ™©ğ™ğ™¤ğ™£
ğ™€ğ™„ğ™‰ ğ˜¾ğ™§ğ™šğ™–ğ™©ğ™ğ™¤ğ™£
ğ˜½ğ™Šğ™„ ğ™ğ™ğ™¡ğ™ğ™£ğ™œ
ğ˜¼ğ™˜ğ™¦ğ™ªğ™ğ™§ğ™ğ™£ğ™œ ğ˜½ğ™ªğ™¨ğ™ğ™£ğ™šğ™¨ğ™¨ ğ˜¼ğ™™ğ™™ğ™§ğ™šğ™¨ğ™¨ (ğ™ğ™£ğ™ğ™¦ğ™ªğ™š ğ™–ğ™£ğ™™ ğ™ğ™ğ™–ğ™§ğ™šğ™™)
ğ™‘ğ™ğ™§ğ™©ğ™ªğ™–ğ™¡ ğ™‹ğ™–ğ™®ğ™¢ğ™šğ™£ğ™© ğ™‚ğ™–ğ™©ğ™šğ™¬ğ™–ğ™®ğ™¨ (ğ™‹ğ™–ğ™®ğ™¤ğ™£ğ™šğ™šğ™§, ğ™’ğ™ğ™¨ğ™š, ğ™ğ™©ğ™§ğ™ğ™¥ğ™š)
ğ™ƒğ™ğ™§ğ™ğ™£ğ™œ ğ™ğ™šğ™œğ™ğ™¨ğ™©ğ™šğ™§ğ™šğ™™ ğ˜¼ğ™œğ™šğ™£ğ™©
ğ™ğ™–ğ™¡ğ™š ğ™ğ™–ğ™­ ğ™ğ™šğ™œğ™ğ™¨ğ™©ğ™§ğ™–ğ™©ğ™ğ™¤ğ™£
ğ™ğ™šğ™¡ğ™¡ğ™šğ™§ ğ™‹ğ™šğ™§ğ™¢ğ™ğ™©
ğ˜¾ğ™–ğ™¡ğ™¡ğ™ğ™£ğ™œ ğ™‹ğ™§ğ™–ğ™˜ğ™©ğ™ğ™˜ğ™š ğ™¬ğ™ğ™©ğ™ ğ™„ğ™ğ™
ğ™ğ™©ğ™–ğ™©ğ™š ğ™ğ™ğ™¡ğ™ğ™£ğ™œğ™¨
ğ˜¼ğ™£ğ™£ğ™ªğ™–ğ™¡ ğ™ğ™šğ™£ğ™šğ™¬ğ™–ğ™¡ğ™¨ ğ™–ğ™£ğ™™ ğ™ğ™ğ™¡ğ™ğ™£ğ™œğ™¨","â€¢ Form companies in USA, UK, UAE, Canada
â€¢ Legal and tax implications of LLCs
â€¢ Help entrepreneurs set up international businesses
â€¢ Lucrative consultancy opportunity","February 3, 2026",Mr. Saad Waqar,1.5 months (6 weeks),"42,000 PKR",,,Open,Online,Yes,No,"Plot No. 63, North Service Road, I-10/3, Islamabad"," Office No 504, 5th Floor,Caesar's Tower,opposite Aisha Bawany Academy,Main Shahrah e Faisal Karachi","5th Floor, Pace Shopping Mall, Model Town Link Road, Lahore"
Pakistan Stock Exchange Course,"ğ™ğ™©ğ™¤ğ™˜ğ™  ğ™ˆğ™–ğ™§ğ™ ğ™šğ™© ğ™€ğ™˜ğ™¤ğ™¨ğ™®ğ™¨ğ™©ğ™šğ™¢
ğ™ğ™ªğ™£ğ™™ğ™–ğ™¢ğ™šğ™£ğ™©ğ™–ğ™¡ğ™¨ ğ™¤ğ™› ğ™ğ™©ğ™¤ğ™˜ğ™  ğ™ˆğ™–ğ™§ğ™ ğ™šğ™©
ğ™ğ™ğ™£ğ™™ğ™ğ™£ğ™œ ğ™ğ™–ğ™ğ™§ ğ™‘ğ™–ğ™¡ğ™ªğ™š ğ™ğ™¨ğ™ğ™£ğ™œ ğ˜¿ğ™ğ™«ğ™ğ™™ğ™šğ™£ğ™™ ğ˜¿ğ™ğ™¨ğ™˜ğ™¤ğ™ªğ™£ğ™© ğ™ˆğ™¤ğ™™ğ™šğ™¡
ğ™‹ğ™§ğ™ğ™£ğ™˜ğ™ğ™¥ğ™¡ğ™šğ™¨ ğ™¤ğ™› ğ™ğ™šğ™˜ğ™ğ™£ğ™ğ™˜ğ™–ğ™¡ ğ˜¼ğ™£ğ™–ğ™¡ğ™®ğ™¨ğ™ğ™¨
ğ˜¾ğ™–ğ™£ğ™™ğ™¡ğ™šğ™¨ğ™©ğ™ğ™˜ğ™  ğ™–ğ™£ğ™™ ğ˜¾ğ™ğ™–ğ™§ğ™© ğ™‹ğ™–ğ™©ğ™©ğ™šğ™§ğ™£ğ™¨
ğ™ğ™§ğ™šğ™£ğ™™ğ™¡ğ™ğ™£ğ™šğ™¨ ğ™–ğ™£ğ™™ ğ™ˆğ™¤ğ™«ğ™ğ™£ğ™œ ğ˜¼ğ™«ğ™šğ™§ğ™–ğ™œğ™šğ™¨
ğ™„ğ™£ğ™™ğ™ğ™˜ğ™–ğ™©ğ™¤ğ™§ğ™¨ ğ™–ğ™£ğ™™ ğ™ğ™¤ğ™¤ğ™¡ğ™¨ ğ™ğ™¤ğ™§ ğ™ğ™§ğ™–ğ™™ğ™ğ™£ğ™œ
ğ™„ğ™£ğ™©ğ™§ğ™–ğ™™ğ™–ğ™® ğ™ğ™§ğ™–ğ™™ğ™ğ™£ğ™œ ğ™–ğ™£ğ™™ ğ™ğ™ğ™¨ğ™  ğ˜¾ğ™¤ğ™£ğ™©ğ™§ğ™¤ğ™¡
ğ˜¾ğ™ğ™–ğ™§ğ™© ğ˜¼ğ™£ğ™–ğ™¡ğ™®ğ™¨ğ™ğ™¨ ğ™–ğ™£ğ™™ ğ™‚ğ™–ğ™¥ ğ™ğ™©ğ™§ğ™–ğ™©ğ™šğ™œğ™®
ğ™ğ™§ğ™–ğ™™ğ™ğ™£ğ™œ ğ™‹ğ™¨ğ™®ğ™˜ğ™ğ™¤ğ™¡ğ™¤ğ™œğ™® ğ™–ğ™£ğ™™ ğ˜¿ğ™–ğ™ğ™¡ğ™® ğ™ğ™¤ğ™ªğ™©ğ™ğ™£ğ™š
ğ™ğ™§ğ™–ğ™ğ™£ğ™šğ™§ğ™¨ ğ™‚ğ™¤ğ™¡ğ™™ğ™šğ™£ ğ™ğ™©ğ™§ğ™–ğ™©ğ™šğ™œğ™® ğ™›ğ™¤ğ™§ ğ™ğ™©ğ™¤ğ™˜ğ™  ğ™ğ™šğ™¡ğ™šğ™˜ğ™©ğ™ğ™¤ğ™£","1. Gain a clear understanding of PSX fundamentals to confidently start investing.


2. Learn practical strategies to analyze stocks and build profitable portfolios.


3. Master technical charts and indicators used by professional traders.


4. Understand risks and learn how to protect your investments in volatile markets.


5. Get hands-on experience with live market simulations and real trading insights.",13 December 2026,Qazi Nabeel,2 Months (8 weeks),"45,000 PKR",,,Open,Online and Physical in ISlamabad,YES,Yes,"Plot No. 63, North Service Road, I-10/3, Islamabad"," Office No 504, 5th Floor,Caesar's Tower,opposite Aisha Bawany Academy,Main Shahrah e Faisal Karachi","5th Floor, Pace Shopping Mall, Model Town Link Road, Lahore"
Sales Tax Mastery Course,"ğ˜½ğ™–ğ™¨ğ™ğ™˜ğ™¨ ğ™¤ğ™› ğ™ğ™–ğ™¡ğ™šğ™¨ ğ™ğ™–ğ™­
ğ™ğ™–ğ™¡ğ™šğ™¨ ğ™ğ™–ğ™­ ğ™ğ™šğ™œğ™ğ™¨ğ™©ğ™§ğ™–ğ™©ğ™ğ™¤ğ™£
ğ™ğ™–ğ™¡ğ™š ğ™ğ™–ğ™­ ğ˜¾ğ™¤ğ™¢ğ™¥ğ™¡ğ™ğ™–ğ™£ğ™˜ğ™š
ğ˜¾ğ™¤ğ™«ğ™šğ™§ğ™–ğ™œğ™š ğ™¤ğ™› ğ˜¼ğ™¡ğ™¡ ğ˜¼ğ™£ğ™£ğ™šğ™­ğ™ªğ™§ğ™šğ™¨
ğ™„ğ™£ğ™«ğ™¤ğ™ğ™˜ğ™š ğ™ˆğ™–ğ™£ğ™–ğ™œğ™šğ™¢ğ™šğ™£ğ™©
ğ™ğ™–ğ™¡ğ™šğ™¨ ğ™ğ™–ğ™­ ğ™ğ™šğ™©ğ™ªğ™§ğ™£ (ğ™ğ™šğ™™ğ™šğ™§ğ™–ğ™¡ ğ™–ğ™£ğ™™ ğ™‹ğ™§ğ™¤ğ™«ğ™ğ™£ğ™˜ğ™ğ™–ğ™¡)
ğ™„ğ™ğ™„ğ™ ğ™‹ğ™¤ğ™§ğ™©ğ™–ğ™¡ ğ™‹ğ™§ğ™–ğ™˜ğ™©ğ™ğ™˜ğ™š","â€¢ Pakistani Sales Tax law and FBR compliance
â€¢ Sales tax return filing and portal usage
â€¢ Handle sales tax audits and disputes
â€¢ Critical skill for businesses and accounting professionals","February 1, 2026",Mr. Syed Baqir Raza,2 months (8 weeks),"40,000 PKR",,,Open,Online,Yes,No,"Plot No. 63, North Service Road, I-10/3, Islamabad"," Office No 504, 5th Floor,Caesar's Tower,opposite Aisha Bawany Academy,Main Shahrah e Faisal Karachi","5th Floor, Pace Shopping Mall, Model Town Link Road, Lahore"
Saudi Taxation Course,"ğ˜¾ğ™¤ğ™§ğ™¥ğ™¤ğ™§ğ™–ğ™©ğ™š ğ™„ğ™£ğ™˜ğ™¤ğ™¢ğ™š ğ™ğ™–ğ™­
ğ™‘ğ™–ğ™¡ğ™ªğ™š ğ˜¼ğ™™ğ™™ğ™šğ™™ ğ™ğ™–ğ™­
ğ™•ğ™–ğ™ ğ™–ğ™© ğ™ğ™ªğ™£ğ™™ğ™–ğ™¢ğ™šğ™£ğ™©ğ™–ğ™¡ğ™¨
ğ˜¼ğ™™ğ™«ğ™–ğ™£ğ™˜ğ™š ğ˜¾ğ™¤ğ™£ğ™˜ğ™šğ™¥ğ™©ğ™¨ ğ™¤ğ™› ğ™•ğ™–ğ™ ğ™–ğ™©
ğ™ğ™§ğ™–ğ™£ğ™¨ğ™›ğ™šğ™§ ğ™‹ğ™§ğ™ğ™˜ğ™ğ™£ğ™œ
ğ™‚ğ™Šğ™ğ™ğ™„ ğ˜¾ğ™¤ğ™¢ğ™¥ğ™¡ğ™ğ™–ğ™£ğ™˜ğ™š
ğ™€-ğ™„ğ™£ğ™«ğ™¤ğ™ğ™˜ğ™ğ™£ğ™œ (ğ™ğ™–ğ™©ğ™¤ğ™¤ğ™§ğ™–)","â€¢ Saudi VAT, Zakat, Excise Tax expertise
â€¢ Job opportunities in Saudi Arabia
â€¢ Work with Saudi businesses remotely
â€¢ Growing market with recent tax reforms",20 December 2025,Mehmood Ul Hassan,3 months (12 weeks),"75,000 PKR",,,Open,"Online ",Yes,No,"Plot No. 63, North Service Road, I-10/3, Islamabad"," Office No 504, 5th Floor,Caesar's Tower,opposite Aisha Bawany Academy,Main Shahrah e Faisal Karachi","5th Floor, Pace Shopping Mall, Model Town Link Road, Lahore"
UAE Taxation Course,"ğŸ. ğ˜¾ğ™¤ğ™§ğ™¥ğ™¤ğ™§ğ™–ğ™©ğ™š ğ™ğ™–ğ™­
ğŸ. ğ™ğ˜¼ğ™€ ğ™‘ğ˜¼ğ™
ğŸ‘. ğ™€ğ™­ğ™˜ğ™ğ™¨ğ™š ğ™ğ™–ğ™­ğ™–ğ™©ğ™ğ™¤ğ™£
ğŸ’. ğ˜¾ğ™¤ğ™¢ğ™¥ğ™–ğ™£ğ™® ğ™ğ™¤ğ™§ğ™¢ğ™–ğ™©ğ™ğ™¤ğ™£ ğ™ğ™£ ğ™ğ˜¼ğ™€","â€¢ Master UAE VAT, Corporate Tax, Excise Tax
â€¢ Work in Dubai/UAE or with UAE clients remotely
â€¢ Growing demand for UAE tax experts
â€¢ Tax-free salary opportunities in UAE",27 December,Sir Rai Basharat Ali,2.5 months (10 weeks),"70,000 PKR",,,Open,Online,Yes,No,"Plot No. 63, North Service Road, I-10/3, Islamabad"," Office No 504, 5th Floor,Caesar's Tower,opposite Aisha Bawany Academy,Main Shahrah e Faisal Karachi","5th Floor, Pace Shopping Mall, Model Town Link Road, Lahore"
UK Taxation Course,"ğ™‹ğ™šğ™§ğ™¨ğ™¤ğ™£ğ™–ğ™¡ ğ™ğ™–ğ™­ğ™–ğ™©ğ™ğ™¤ğ™£
ğ˜¾ğ™¤ğ™§ğ™¥ğ™¤ğ™§ğ™–ğ™©ğ™ğ™¤ğ™£ ğ™ğ™–ğ™­
ğ™‘ğ™–ğ™¡ğ™ªğ™š ğ˜¼ğ™™ğ™™ğ™šğ™™ ğ™ğ™–ğ™­ (ğ™‘ğ˜¼ğ™)
ğ˜¾ğ™¤ğ™¢ğ™¥ğ™–ğ™£ğ™® ğ™ğ™¤ğ™§ğ™¢ğ™–ğ™©ğ™ğ™¤ğ™£ ğ™ğ™£ ğ™ğ™†
ğ™ƒğ™ˆğ™ğ˜¾ ğ˜¾ğ™¤ğ™¢ğ™¥ğ™¡ğ™ğ™–ğ™£ğ™˜ğ™šğ™¨
&
ğ˜¾ğ™¤ğ™¢ğ™¥ğ™–ğ™£ğ™ğ™šğ™¨ ğ™ƒğ™¤ğ™ªğ™¨ğ™š ğ˜¾ğ™¤ğ™¢ğ™¥ğ™¡ğ™ğ™–ğ™£ğ™˜ğ™šğ™¨","â€¢ UK Income Tax, Corporation Tax, VAT systems
â€¢ Work with UK clients remotely and earn in pounds
â€¢ British tax compliance and planning
â€¢ Freelance opportunities in UK market","January 25, 2026",Mr Muhammad Waqas,2.5 months (10 weeks),"75,000 PKR",,,Open,Online,Yes,No,"Plot No. 63, North Service Road, I-10/3, Islamabad"," Office No 504, 5th Floor,Caesar's Tower,opposite Aisha Bawany Academy,Main Shahrah e Faisal Karachi","5th Floor, Pace Shopping Mall, Model Town Link Road, Lahore"
USA Taxation Course,"ğˆğ§ğğ¢ğ¯ğ¢ğğ®ğšğ¥ ğ“ğšğ±ğšğ­ğ¢ğ¨ğ§ (ğ…ğ¨ğ«ğ¦ ğŸğŸğŸ’ğŸ)

ğğ®ğ¬ğ¢ğ§ğğ¬ğ¬ ğ“ğšğ±ğšğ­ğ¢ğ¨ğ§ (ğ…ğ¨ğ«ğ¦ ğŸğŸğŸ”ğŸ“, ğŸğŸğŸğŸ, ğŸğŸğŸğŸğ’)

ğğšğ²ğ«ğ¨ğ¥ğ¥ ğğ«ğ¨ğœğğ¬ğ¬ğ¢ğ§ğ 

ğ’ğšğ¥ğğ¬ ğ“ğšğ± ğ‘ğğ ğ¢ğ¬ğ­ğ«ğšğ­ğ¢ğ¨ğ§

ğ’ğšğ¥ğğ¬ ğ“ğšğ± ğ‘ğğ­ğ®ğ«ğ§ğ¬ (ğƒğ¢ğŸğŸğğ«ğğ§ğ­ ğ’ğ­ğšğ­ğğ¬)

ğ‹ğ‹ğ‚ ğ…ğ¨ğ«ğ¦ğšğ­ğ¢ğ¨ğ§

ğˆğ“ğˆğ ğ‚ğ«ğğšğ­ğ¢ğ¨ğ§

ğ„ğˆğ ğ‚ğ«ğğšğ­ğ¢ğ¨ğ§

ğ€ğœğªğ®ğ¢ğ«ğ¢ğ§ğ  ğğ®ğ¬ğ¢ğ§ğğ¬ğ¬ ğ€ğğğ«ğğ¬ğ¬

ğ•ğ¢ğ«ğ­ğ®ğšğ¥ ğğšğ²ğ¦ğğ§ğ­ ğ†ğšğ­ğğ°ğšğ²ğ¬

ğğ«ğšğœğ­ğ¢ğœğ ğğ¨ğ«ğ­ğšğ¥ (ğğšğ¯ğ¢ğ ğšğ­ğ¢ğ¨ğ§)","â€¢ Master US Federal and State tax systems
â€¢ File tax returns using IRS portals
â€¢ Work with US clients remotely
â€¢ Earn in dollars through freelancing","January 15, 2026",Mr. Syed Asaar uz Zaman(For US Taxation) and Saad Waqar (For LLC Formation),3 months (12 weeks),"80,000 PKR",,,Open,Online,Yes,No,"Plot No. 63, North Service Road, I-10/3, Islamabad"," Office No 504, 5th Floor,Caesar's Tower,opposite Aisha Bawany Academy,Main Shahrah e Faisal Karachi","5th Floor, Pace Shopping Mall, Model Town Link Road, Lahore"